index,batch
903160,10
903166,26
903179,54
903227,47
903234,8
903265,54
903284,2
903302,21
903311,43
903362,27
903368,10
903379,0
903395,9
903398,55
903399,41
903451,25
903511,53
903519,35
903554,44
903561,44
903573,35
903636,13
903655,6
903666,8
903695,8
903703,0
903747,42
903818,21
903820,14
903827,42
903871,46
903928,5
903937,38
903939,30
903989,16
904030,39
904064,13
904114,11
904147,21
904191,11
904203,32
904208,31
904348,41
904390,17
904415,50
904418,36
904422,22
904454,19
904462,2
904470,51
904498,48
904501,41
904531,54
904551,51
904562,23
904565,5
904598,44
904607,38
904632,35
904660,34
904677,37
904776,19
904787,20
904877,5
904910,30
904926,27
904932,4
904974,22
904989,32
905029,38
905042,1
905073,21
905080,20
905119,19
905196,32
905205,39
905221,31
905268,38
905291,46
905337,35
905338,31
905363,28
905372,0
905377,1
905378,6
905420,36
905426,42
905461,41
905462,1
905542,31
905576,41
905625,14
905634,30
905665,35
905680,10
905735,21
905744,18
905766,21
905770,9
905786,35
905791,20
905805,31
905824,4
905830,6
905877,29
905890,13
905916,12
905924,1
905957,45
905980,11
905987,40
906008,21
906063,24
906071,19
906111,37
906115,11
906116,16
906147,27
906191,11
906192,47
906231,34
906240,51
906325,14
906331,3
906362,12
906385,53
906404,34
906471,10
906487,30
906491,15
906506,27
906546,9
906572,3
906601,8
906619,39
906641,50
906654,17
906670,17
906699,4
906709,2
906805,24
906832,32
906897,21
906944,9
907001,2
907014,36
907036,0
907044,45
907049,41
907082,8
907156,50
907171,25
907207,35
907212,53
907234,35
907276,30
907283,6
907297,48
907302,23
907355,27
907360,24
907387,46
907408,42
907467,2
907482,2
907494,25
907537,5
907553,36
907571,36
907575,35
907590,0
907591,19
907617,48
907626,23
907642,24
907698,48
907714,5
907725,46
907733,42
907759,16
907844,22
907853,51
907894,48
907912,2
907931,12
907932,6
907942,29
907968,25
907976,12
907979,10
908038,10
908055,17
908064,15
908066,46
908077,17
908085,5
908093,25
908096,40
908113,31
908200,2
908238,28
908243,52
908248,40
908291,38
908296,46
908297,1
908301,18
908338,38
908399,7
908407,49
908412,16
908447,19
908449,22
908466,16
908515,22
908571,20
908572,44
908573,4
908592,27
908607,9
908634,46
908635,20
908636,33
908645,6
908696,46
908712,51
908728,44
908763,3
908785,52
908872,26
908876,19
908878,18
908879,35
908880,46
908892,35
908920,17
908932,10
908955,54
908961,37
908998,8
909004,31
909015,34
909021,28
909033,24
909160,28
909166,32
909175,40
909211,20
909226,14
909251,50
909252,33
909311,27
909317,3
909320,34
909335,31
909348,54
909355,20
909359,2
909364,51
909385,9
909447,49
909471,40
909480,36
909488,16
909504,45
909526,32
909585,34
909586,53
909594,49
909604,21
909626,49
909629,18
909645,12
909650,35
909744,5
909763,34
909796,20
909823,22
909844,53
909884,17
909887,29
909899,23
909926,29
909932,26
909934,36
909971,10
909994,22
909998,19
910004,43
910055,25
910095,51
910154,28
910160,31
910186,15
910327,8
910387,49
910399,23
910421,34
910432,53
910439,53
910452,49
910455,9
910473,6
910500,15
910609,32
910652,35
910655,22
910660,49
910704,23
910720,40
910748,37
910750,7
910763,41
910810,8
910811,54
910857,24
910870,55
910939,35
910958,21
910963,31
911011,32
911052,29
911061,1
911062,37
911143,54
911153,29
911163,53
911186,48
911194,19
911197,45
911228,5
911266,43
911293,55
911393,24
911509,20
911540,6
911548,54
911555,55
911656,51
911678,4
911684,51
911723,23
911748,10
911786,6
911813,26
911870,18
911912,40
911916,37
911937,15
911945,2
911963,49
911966,12
911984,11
912027,39
912028,41
912067,34
912076,44
912106,28
912117,53
912141,47
912181,2
912192,26
912221,43
912222,8
912241,40
912246,17
912251,50
912292,42
912314,52
912331,14
912386,34
912393,16
912407,24
912446,2
912470,4
912506,16
912566,25
912654,50
912678,12
912684,5
912697,34
912715,53
912731,32
912733,12
912755,39
912768,16
912785,45
912858,22
912913,44
912936,38
913026,1
913068,24
913069,17
913115,36
913124,49
913126,28
913135,54
913183,21
913197,26
913201,29
913209,48
913211,54
913214,10
913222,23
913230,39
913255,9
913313,2
913345,35
913374,27
913382,14
913405,49
913419,31
913451,20
913469,45
913479,8
913492,1
913528,53
913546,37
913547,26
913635,17
913689,10
913726,7
913737,15
913748,18
913797,18
913820,51
913875,28
913896,44
913912,44
913920,46
913942,54
914012,15
914114,41
914130,31
914137,55
914163,41
914164,37
914236,51
914256,20
914294,2
914335,46
914336,29
914384,17
914467,8
914531,27
914550,37
914588,22
914667,10
914670,17
914774,12
914805,4
914821,13
914823,5
914835,32
914851,52
914909,41
914915,52
914921,51
914931,32
914957,31
915006,0
915010,16
915043,32
915065,34
915068,28
915074,50
915097,10
915098,47
915102,7
915144,17
915209,33
915213,13
915244,3
915263,3
915280,41
915313,11
915336,1
915342,37
915344,28
915356,19
915368,29
915389,29
915414,36
915483,49
915498,23
915502,40
915566,2
915578,31
915613,2
915625,8
915697,0
915700,40
915715,32
915725,16
915728,39
915732,12
915734,12
915772,48
915778,20
915781,39
915932,44
915958,43
916008,52
916018,51
916108,25
916161,12
916199,39
916208,44
916332,51
916345,7
916402,44
916403,24
916409,37
916420,11
916466,46
916490,52
916514,9
916515,31
916516,51
916520,18
916543,37
916556,45
916557,36
916563,42
916587,23
916600,24
916609,54
916610,35
916648,2
916649,19
916725,7
916766,9
916775,25
916783,51
916846,48
916857,48
916876,6
916895,7
916898,43
916962,33
916979,27
916982,16
916991,41
917026,30
917077,30
917132,40
917139,25
917238,50
917272,28
917320,30
917354,30
917407,37
917431,8
917467,43
917474,41
917587,20
917589,42
917623,50
917644,28
917721,28
917734,45
917754,41
917822,6
917856,40
917889,21
917890,42
917936,7
917975,26
918000,34
918056,5
918151,43
918166,4
918170,35
918226,3
918231,46
918249,2
918255,32
918276,31
918288,53
918347,46
918352,4
918497,8
918524,7
918548,47
918551,12
918556,35
918564,27
918582,0
918594,16
918601,6
918626,38
918692,45
918732,27
918753,39
918754,5
918756,37
918788,36
918861,44
918918,15
918925,2
918926,50
918953,6
918982,6
918996,8
919005,31
919043,24
919052,47
919113,47
919117,1
919128,34
919162,30
919164,6
919172,9
919229,44
919262,26
919276,15
919301,10
919340,52
919345,23
919412,19
919479,22
919496,36
919517,40
919522,5
919550,3
919572,28
919583,33
919599,24
919601,40
919617,35
919643,42
919648,27
919660,47
919682,10
919688,52
919722,43
919774,13
919792,55
919829,25
919859,55
919860,14
919885,16
919915,44
919974,0
919989,38
919997,19
920040,15
920058,39
920090,52
920138,36
920171,44
920191,20
920206,8
920218,26
920317,51
920328,37
920363,11
920380,8
920406,46
920418,48
920437,15
920450,15
920476,3
920486,36
920505,5
920531,47
920555,14
920624,16
920644,30
920706,53
920747,9
920772,2
920774,29
920802,53
920838,19
920861,50
920890,55
920933,27
920985,39
921003,21
921009,27
921024,30
921043,8
921056,5
921088,9
921109,31
921157,4
921171,23
921200,52
921247,14
921283,7
921311,17
921353,39
921362,39
921367,3
921378,52
921400,10
921419,9
921423,40
921450,37
921478,29
921495,20
921594,12
921596,53
921627,10
921643,7
921660,41
921718,51
921747,40
921780,0
921800,37
921840,50
921865,16
921876,31
921888,29
921904,24
921908,49
921924,31
921926,42
921936,5
921981,54
921983,52
922017,47
922029,17
922077,21
922222,1
922241,8
922268,10
922274,40
922390,3
922395,53
922419,30
922431,49
922485,46
922486,27
922490,12
922527,5
922595,36
922600,2
922606,34
922648,45
922669,25
922683,23
922689,25
922712,49
922749,18
922762,20
922763,43
922795,28
922832,39
922967,0
922974,27
923005,28
923027,17
923030,5
923056,4
923143,55
923177,38
923200,47
923233,4
923265,29
923269,49
923275,51
923322,52
923326,32
923327,15
923340,34
923384,3
923389,31
923394,18
923411,34
923415,39
923420,7
923438,11
923446,3
923482,23
923487,15
923524,35
923628,18
923693,35
923697,3
923714,15
923717,42
923724,2
923748,50
923818,8
923855,36
923861,51
923873,54
923892,5
923939,1
923957,8
923979,8
923983,49
923998,41
924011,55
924014,18
924020,54
924025,7
924050,25
924052,14
924188,26
924191,18
924219,18
924228,9
924248,39
924321,39
924356,29
924374,40
924387,33
924391,12
924395,0
924412,33
924423,53
924459,45
924490,41
924515,8
924522,31
924586,13
924592,52
924602,48
924608,48
924612,34
924621,48
924627,1
924676,42
924705,21
924721,48
924746,49
924754,28
924760,14
924768,11
924799,36
924814,33
924815,37
924850,21
924860,34
924910,32
924911,44
924971,21
924977,34
925004,6
925034,39
925054,11
925104,11
925133,22
925156,38
925187,32
925238,12
925264,4
925296,22
925350,39
925351,31
925352,45
925361,3
925425,13
925432,34
925435,49
925440,22
925482,24
925569,20
925598,23
925599,42
925667,52
925687,44
925731,33
925753,10
925784,12
925812,15
925818,11
925821,48
925833,30
925892,49
925917,5
925933,10
925934,41
925970,43
926001,37
926003,38
926030,50
926060,35
926065,20
926089,54
926091,33
926145,39
926189,5
926304,5
926307,22
926308,18
926404,33
926448,18
926518,38
926630,2
926647,27
926661,12
926691,31
926696,38
926708,37
926709,5
926714,42
926735,1
926788,5
926793,29
926834,45
926848,21
926849,11
926853,20
926858,20
926914,11
926931,47
926935,27
926964,34
927018,48
927046,33
927072,10
927077,54
927093,32
927101,45
927103,51
927146,44
927183,21
927202,17
927210,44
927215,47
927283,39
927320,18
927385,39
927417,48
927435,12
927441,9
927600,25
927609,17
927662,27
927695,49
927706,6
927720,35
927744,10
927746,38
927748,42
927771,2
927828,3
927857,37
927858,19
927878,11
927891,38
927902,47
927931,1
927948,41
927980,54
927986,1
927991,33
928026,2
928031,13
928087,11
928096,51
928099,12
928173,17
928191,13
928202,11
928232,43
928343,25
928351,19
928373,28
928389,28
928401,21
928404,11
928410,43
928418,31
928432,1
928456,17
928464,6
928484,23
928490,48
928495,5
928539,21
928547,11
928555,50
928584,53
928610,42
928638,43
928665,55
928675,41
928682,31
928683,22
928712,43
928714,55
928728,37
928741,33
928766,28
928772,51
928807,37
928818,15
928830,23
928842,28
928870,0
928937,40
928982,35
928983,16
929005,19
929019,43
929021,52
929051,13
929064,30
929082,53
929094,14
929116,41
929144,49
929163,22
929171,43
929198,2
929304,26
929327,27
929332,17
929347,14
929384,23
929410,5
929497,16
929535,55
929555,43
929557,50
929565,15
929569,9
929578,46
929607,11
929613,22
929634,0
929649,2
929660,35
929668,22
929704,41
929709,28
929729,32
929733,47
929750,51
929752,24
929755,44
929795,7
929796,49
929798,52
929907,54
929938,21
929966,21
930043,11
930056,10
930063,44
930080,19
930148,19
930175,44
930180,38
930189,40
930209,9
930343,46
930364,14
930411,8
930421,53
930516,1
930520,19
930521,32
930527,43
930580,27
930609,0
930621,41
930624,26
930675,43
930713,1
930829,18
930844,14
930857,20
930859,54
930926,28
930932,24
930967,35
931011,6
931030,41
931098,47
931101,45
931131,46
931260,1
931264,0
931298,19
931326,47
931332,0
931356,34
931398,48
931442,43
931471,12
931483,9
931546,3
931567,5
931584,29
931596,54
931602,39
931615,25
931620,51
931674,51
931696,14
931710,47
931716,6
931731,34
931755,46
931787,38
931875,55
931881,0
931924,16
931936,14
931977,50
932078,9
932082,49
932083,17
932173,38
932181,16
932203,38
932224,30
932235,42
932240,32
932253,14
932277,38
932297,21
932329,53
932398,23
932452,8
932460,6
932465,8
932469,5
932480,26
932516,49
932524,17
932553,15
932639,13
932645,48
932658,43
932666,51
932670,7
932671,42
932695,16
932708,22
932718,27
932725,17
932733,15
932741,38
932771,51
932790,49
932891,50
932893,31
932947,11
933044,23
933046,11
933066,53
933070,51
933119,34
933156,14
933167,18
933175,3
933203,20
933241,48
933254,38
933275,10
933277,24
933304,41
933378,2
933390,29
933420,2
933449,31
933451,13
933495,40
933532,6
933543,32
933565,34
933583,0
933586,48
933588,22
933597,3
933603,42
933641,42
933646,1
933659,1
933670,21
933677,35
933698,27
933751,38
933761,46
933764,47
933773,48
933820,31
933845,19
933865,48
933926,24
933964,29
933981,13
934038,0
934051,40
934074,22
934113,3
934196,49
934215,20
934221,54
934241,12
934251,16
934287,53
934308,44
934316,51
934326,45
934366,48
934371,34
934462,47
934496,38
934529,6
934540,48
934547,43
934577,6
934584,24
934620,12
934632,25
934664,31
934731,24
934735,46
934742,1
934780,31
934804,27
934848,48
934876,21
934886,38
934905,33
934933,43
934935,6
934936,44
934940,8
934941,27
934942,14
934944,41
934945,21
934946,28
934948,13
934949,51
934950,23
934954,15
934959,34
934960,36
934961,10
934964,31
934965,51
934966,13
934968,16
934972,7
934974,17
934975,41
934982,35
934983,49
934984,10
934985,2
934986,0
934988,17
934989,44
934994,8
934995,12
934999,23
935000,34
935002,24
935003,11
935004,8
935005,47
935008,49
935009,0
935010,39
935016,5
935018,22
935020,15
935021,34
935023,4
935025,41
935026,5
935029,1
935031,26
935034,14
935035,49
935036,24
935037,3
935039,7
935044,14
935047,26
935048,45
935050,15
935051,50
935052,14
935053,15
935055,4
935060,34
935061,38
935063,33
935069,51
935070,4
935072,28
935075,33
935077,3
935078,23
935080,28
935082,40
935084,20
935087,49
935088,30
935092,19
935093,54
935094,24
935096,3
935100,53
935102,10
935104,39
935106,14
935107,17
935109,9
935112,30
935113,12
935114,38
935117,32
935118,24
935121,50
935127,12
935128,3
935130,5
935131,45
935132,43
935134,47
935135,2
935136,32
935137,36
935140,36
935144,46
935145,10
935147,26
935148,54
935150,47
935155,24
935156,15
935157,7
935159,38
935161,36
935162,3
935163,17
935164,17
935165,49
935168,10
935171,15
935175,14
935176,22
935177,10
935181,17
935182,27
935183,37
935185,37
935189,33
935192,50
935193,40
935194,22
935195,25
935198,40
935199,36
935204,4
935208,20
935209,49
935210,17
935211,26
935213,10
935214,55
935215,29
935217,34
935220,23
935222,14
935224,9
935226,47
935228,23
935229,55
935230,22
935231,38
935232,20
935234,16
935235,13
935236,11
935237,2
935239,43
935240,32
935244,30
935247,31
935250,9
935253,38
935255,43
935258,47
935260,52
935264,26
935265,2
935266,38
935267,28
935270,38
935272,11
935273,33
935275,53
935276,6
935277,39
935280,42
935282,21
935283,7
935284,25
935286,54
935287,37
935292,3
935293,27
935298,4
935300,51
935305,15
935307,36
935308,19
935310,37
935311,52
935313,20
935316,52
935317,23
935320,23
935322,55
935323,1
935324,38
935330,35
935331,21
935335,45
935337,6
935338,12
935339,30
935340,34
935341,32
935344,10
935345,19
935347,31
935348,11
935349,9
935351,20
935353,47
935354,16
935355,14
935358,10
935359,25
935361,32
935364,7
935367,48
935368,22
935372,41
935375,46
935377,48
935379,7
935381,39
935383,46
935387,36
935390,30
935393,23
935399,1
935403,47
935408,24
935409,21
935411,39
935413,18
935417,36
935418,14
935423,17
935424,45
935427,5
935429,28
935430,17
935432,41
935437,14
935440,12
935443,51
935444,20
935445,25
935446,13
935449,39
935451,27
935453,5
935454,51
935455,9
935457,39
935458,14
935459,34
935460,5
935461,23
935463,25
935466,32
935467,25
935470,38
935471,19
935472,4
935476,12
935478,32
935479,13
935480,27
935484,28
935487,39
935488,4
935490,6
935492,5
935495,21
935496,26
935497,45
935498,7
935500,10
935502,20
935504,28
935505,20
935507,36
935511,5
935513,49
935514,2
935517,43
935519,0
935521,27
935523,22
935526,45
935530,4
935534,12
935537,50
935539,0
935540,38
935543,16
935544,7
935546,4
935547,42
935550,38
935554,10
935556,45
935559,53
935560,26
935562,8
935565,8
935566,22
935568,3
935569,44
935571,41
935572,19
935573,2
935574,16
935577,32
935578,51
935582,49
935583,37
935586,34
935588,16
935589,22
935590,3
935591,16
935593,6
935594,12
935595,18
935596,4
935597,29
935598,20
935600,35
935601,14
935602,50
935603,44
935606,30
935607,5
935611,8
935612,40
935614,50
935616,3
935618,13
935626,6
935627,4
935628,52
935632,34
935634,0
935636,24
935640,11
935644,0
935646,15
935647,4
935648,20
935649,5
935650,4
935651,2
935654,34
935655,31
935657,54
935658,36
935661,50
935663,30
935664,7
935667,35
935670,53
935675,17
935676,55
935681,14
935683,46
935684,12
935686,51
935695,51
935696,23
935698,3
935700,42
935702,26
935704,25
935705,18
935706,34
935707,48
935708,54
935711,24
935715,20
935717,8
935720,39
935721,1
935725,50
935726,44
935727,11
935729,21
935730,40
935733,48
935734,29
935736,5
935738,34
935740,18
935742,0
935744,3
935753,35
935757,34
935758,38
935764,18
935766,46
935768,49
935770,34
935772,15
935774,26
935775,13
935778,20
935782,26
935783,46
935788,29
935789,1
935790,44
935792,29
935793,33
935795,54
935797,20
935800,15
935802,48
935805,29
935806,36
935807,4
935810,21
935812,37
935814,27
935815,40
935816,40
935817,9
935818,55
935819,37
935820,2
935821,47
935823,0
935828,27
935829,52
935837,4
935838,20
935840,10
935841,35
935843,7
935849,13
935850,24
935854,36
935856,34
935859,3
935861,37
935863,14
935864,54
935865,36
935866,12
935867,35
935868,10
935870,29
935872,35
935873,53
935875,45
935876,0
935883,30
935901,37
935904,48
935906,30
935907,37
935909,0
935911,42
935922,44
935924,28
935933,23
935939,32
935940,21
935947,48
935950,8
935972,42
935974,16
935975,13
935977,44
935980,45
935982,34
935985,29
935988,24
935990,18
935991,36
935992,33
935993,0
935995,25
935996,2
935997,0
935999,45
936000,34
936001,2
936002,54
936005,29
936006,9
936007,36
936009,34
936010,13
936012,49
936014,15
936017,37
936021,7
936022,30
936024,24
936025,44
936028,24
936029,7
936030,38
936031,50
936032,28
936033,52
936034,32
936035,14
936036,45
936037,16
936038,11
936040,50
936041,29
936043,25
936045,39
936047,53
936052,43
936056,46
936058,44
936059,34
936060,29
936062,39
936066,35
936069,5
936070,12
936072,11
936074,5
936075,39
936078,22
936081,25
936086,54
936087,8
936092,42
936094,25
936095,1
936096,41
936098,20
936099,8
936100,27
936101,1
936104,26
936105,35
936110,14
936112,36
936113,26
936114,19
936116,10
936119,16
936120,32
936124,1
936128,52
936130,42
936132,20
936133,7
936134,45
936137,26
936139,46
936140,32
936141,52
936142,50
936143,29
936144,32
936145,43
936147,22
936148,30
936151,27
936152,7
936155,35
936156,24
936157,25
936158,17
936159,27
936160,8
936161,36
936163,3
936164,39
936165,7
936166,33
936167,30
936173,40
936175,50
936177,18
936178,16
936179,19
936180,53
936181,37
936183,14
936184,27
936186,44
936187,41
936188,12
936189,27
936191,36
936193,35
936194,44
936195,49
936196,4
936197,38
936198,6
936201,23
936204,37
936205,49
936207,28
936219,20
936222,19
936223,48
936227,22
936228,45
936230,13
936231,24
936233,52
936236,34
936237,47
936239,53
936240,17
936241,1
936243,7
936244,23
936245,17
936246,46
936248,14
936249,54
936251,48
936255,55
936258,13
936261,9
936262,52
936265,26
936266,53
936268,50
936269,42
936270,5
936272,38
936273,54
936274,39
936275,5
936276,51
936282,49
936284,48
936288,10
936289,44
936290,53
936291,33
936293,55
936296,34
936298,35
936301,27
936302,22
936303,11
936305,6
936306,42
936308,54
936313,42
936314,8
936316,40
936318,0
936319,35
936322,26
936323,49
936324,30
936330,27
936331,4
936332,31
936335,9
936339,40
936342,22
936343,17
936349,53
936350,24
936352,54
936357,25
936361,5
936362,40
936363,11
936364,30
936366,42
936367,28
936369,10
936370,45
936371,45
936372,14
936373,20
936375,2
936376,16
936377,17
936381,51
936384,28
936392,10
936394,48
936395,46
936396,44
936397,26
936398,0
936399,53
936400,25
936401,22
936404,32
936406,3
936407,35
936408,47
936410,42
936411,16
936414,4
936415,54
936418,52
936420,41
936422,23
936423,52
936424,14
936427,44
936431,29
936433,53
936434,29
936435,1
936436,49
936437,13
936440,22
936441,30
936457,49
936458,30
936462,0
936468,24
936509,48
936519,39
936523,50
936537,27
936550,32
936564,25
936601,29
936612,0
936636,11
936645,28
936672,24
936676,20
936806,37
936815,41
936823,32
936831,55
936833,1
936860,50
936871,22
936878,28
936897,7
936903,41
936906,6
936929,13
936957,1
936976,46
936987,33
937006,0
937030,22
937119,4
937170,49
937173,19
937236,34
937247,14
937263,8
937278,31
937310,46
937324,19
937396,10
937402,13
937405,39
937429,51
937466,46
937494,39
937511,26
937513,37
937521,1
937558,8
937572,48
937577,10
937593,24
937594,40
937654,52
937667,18
937706,42
937719,43
937720,22
937750,49
937785,22
937902,47
937910,13
937914,50
937916,27
937918,15
937988,8
937989,7
938019,44
938027,42
938108,29
938181,22
938182,26
938188,18
938220,43
938250,16
938276,6
938314,20
938332,35
938364,13
938389,38
938426,52
938455,19
938460,26
938461,23
938477,16
938511,23
938517,55
938621,44
938637,26
938639,28
938715,53
938745,16
938757,21
938836,3
938885,42
938896,22
938985,14
938994,24
939034,28
939042,51
939103,12
939107,23
939126,41
939135,55
939160,37
939183,34
939291,36
939373,11
939403,38
939418,18
939426,38
939474,37
939484,14
939488,51
939514,37
939523,6
939553,20
939573,36
939593,48
939624,2
939634,11
939680,42
939705,4
939717,45
939757,32
939759,26
939790,38
939828,40
939835,55
939859,16
939903,50
939920,20
939967,14
939979,46
939980,15
940009,14
940030,45
940045,28
940048,43
940068,45
940076,4
940144,17
940148,18
940166,45
940183,50
940188,36
940190,45
940197,7
940198,36
940207,30
940266,0
940267,9
940291,21
940295,11
940333,28
940340,3
940371,29
940376,33
940377,0
940378,30
940451,19
940546,29
940586,35
940643,12
940660,49
940692,14
940746,53
940787,40
940851,15
940852,51
940853,22
940860,19
940936,53
940965,45
941013,23
941021,34
941037,22
941111,48
941114,50
941144,38
941152,28
941158,17
941221,30
941229,28
941231,22
941239,5
941242,6
941254,47
941275,9
941294,21
941300,2
941313,30
941339,35
941340,51
941385,6
941386,3
941412,25
941430,29
941440,30
941441,14
941460,8
941464,29
941493,43
941549,44
941608,24
941675,34
941680,25
941693,9
941721,23
941733,21
941803,54
941808,34
941848,46
941861,32
941878,4
941891,51
941902,20
941931,33
941940,11
941971,51
942006,3
942035,13
942041,9
942046,42
942056,15
942123,30
942129,42
942147,0
942158,26
942171,26
942193,19
942201,51
942272,23
942302,42
942321,35
942350,7
942372,47
942428,31
942465,13
942471,2
942530,36
942563,14
942616,21
942628,45
942650,26
942659,39
942660,19
942673,16
942767,17
942786,0
942819,31
942824,35
942847,37
942850,55
942852,27
942894,40
942897,37
942898,12
942931,41
942944,8
942984,7
943042,7
943059,4
943102,25
943107,2
943177,51
943202,49
943272,12
943303,12
943319,54
943370,12
943475,50
943519,31
943547,15
943605,46
943614,52
943617,32
943643,18
943658,13
943692,14
943696,32
943698,26
943706,2
943726,22
943786,9
943816,17
943896,35
943903,30
943920,23
943947,53
943974,21
943996,43
944011,22
944013,40
944026,8
944043,15
944074,1
944135,18
944140,1
944145,40
944160,43
944168,45
944196,30
944218,32
944225,42
944265,33
944367,28
944374,9
944390,48
944398,11
944401,30
944422,32
944459,0
944465,30
944473,32
944524,19
944526,47
944537,46
944551,43
944562,31
944565,22
944613,32
944620,20
944634,34
944738,17
944780,44
944804,13
944828,5
944833,16
944842,1
944854,48
944874,38
944921,53
944924,1
944939,10
944949,54
945005,3
945021,42
945026,21
945052,29
945093,15
945120,52
945236,27
945252,16
945295,38
945341,18
945426,18
945430,46
945451,5
945518,33
945560,6
945596,26
945598,21
945603,42
945620,51
945639,33
945642,39
945697,9
945700,45
945720,53
945742,25
945749,22
945775,38
945821,37
945836,21
945845,54
945848,42
945907,18
945920,35
945939,38
946055,33
946061,25
946063,5
946073,16
946087,8
946097,39
946100,43
946151,42
946152,36
946202,21
946221,47
946252,51
946265,37
946276,30
946333,26
946343,39
946370,23
946390,30
946396,30
946399,7
946432,53
946446,0
946463,40
946471,40
946495,34
946507,38
946522,24
946539,26
946556,30
946571,13
946577,3
946578,4
946612,42
946640,38
946670,8
946674,54
946676,30
946689,15
946722,45
946740,40
946750,45
946774,38
946828,53
946851,23
946870,47
946888,15
946890,0
946891,35
946913,28
946917,45
946944,28
946945,50
946969,40
946970,46
947006,15
947095,47
947102,26
947134,24
947142,3
947148,38
947171,45
947173,9
947236,54
947240,10
947282,15
947316,48
947371,35
947423,3
947435,52
947467,19
947471,54
947484,10
947528,9
947535,29
947562,36
947568,53
947622,9
947670,3
947685,47
947721,53
947727,23
947736,14
947791,1
947792,38
947803,0
947816,49
947832,14
947836,29
947841,51
947866,8
947869,29
947887,42
947939,25
947942,15
947952,22
947964,17
948001,21
948011,23
948055,21
948066,21
948074,21
948100,12
948107,37
948111,37
948171,26
948222,50
948256,22
948290,32
948297,35
948308,23
948341,33
948382,42
948384,48
948385,9
948393,9
948419,39
948450,22
948462,12
948468,31
948510,14
948554,46
948574,23
948600,32
948693,18
948711,48
948743,18
948780,52
948785,39
948854,23
948870,48
948872,47
948876,7
948883,16
948899,24
948911,41
948947,17
948984,48
948998,0
949087,6
949094,19
949160,12
949185,13
949222,14
949246,47
949251,8
949263,3
949305,18
949312,54
949340,16
949390,51
949401,36
949415,11
949449,49
949462,5
949479,36
949481,54
949503,21
949507,25
949528,13
949622,7
949626,0
949639,3
949685,16
949788,35
949799,24
949856,32
949915,50
949959,17
949961,4
949977,6
949978,17
949980,46
949982,13
949993,2
950053,14
950066,28
950070,4
950081,22
950189,8
950193,53
950202,6
950205,9
950287,29
950293,13
950315,46
950324,19
950342,51
950375,49
950379,18
950419,21
950503,54
950530,7
950556,9
950563,51
950568,43
950605,34
950625,6
950657,28
950677,31
950682,18
950697,10
950713,50
950740,11
950809,13
950835,14
950864,42
950877,5
950887,23
950982,18
951032,32
951095,2
951119,1
951173,48
951192,45
951200,4
951215,26
951238,55
951242,55
951285,53
951309,6
951375,51
951396,41
951402,46
951460,23
951470,12
951475,26
951497,31
951501,13
951524,13
951535,23
951562,42
951580,50
951598,32
951632,25
951644,12
951669,5
951694,54
951720,47
951772,36
951809,9
951810,0
951910,55
951915,49
951937,7
951948,52
951977,42
951993,19
952013,2
952026,46
952043,43
952044,39
952049,23
952067,5
952158,13
952167,7
952176,6
952296,30
952306,23
952311,37
952312,25
952313,50
952349,14
952391,25
952395,32
952401,1
952441,39
952469,9
952487,5
952491,25
952506,32
952556,8
952559,41
952560,50
952590,46
952663,55
952689,12
952697,25
952721,32
952740,34
952742,24
952792,38
952809,5
952820,18
952838,17
952866,3
952900,8
952904,19
952971,42
952993,41
952997,42
952998,47
953075,54
953085,12
953157,41
953193,14
953197,8
953214,12
953231,43
953236,27
953239,28
953253,6
953257,36
953263,6
953403,38
953433,53
953453,4
953469,13
953487,50
953534,13
953539,46
953543,1
953547,33
953575,15
953588,15
953609,9
953628,52
953640,4
953670,36
953699,27
953717,11
953732,4
953756,50
953789,36
953912,1
953932,8
953938,44
953949,26
953968,2
953973,24
953976,28
954004,54
954117,55
954138,15
954258,18
954272,17
954297,43
954306,10
954334,10
954381,41
954624,31
954633,25
954636,13
954670,27
954674,32
954677,40
954680,32
954685,29
954708,11
954723,47
954725,50
954731,39
954797,9
954805,55
954864,51
954878,20
954965,39
954981,40
955023,10
955074,53
955098,0
955102,26
955145,55
955171,36
955195,10
955324,9
955351,53
955378,48
955385,34
955389,47
955450,24
955469,33
955493,25
955494,15
955519,32
955566,49
955574,54
955580,13
955585,33
955589,10
955636,52
955637,31
955640,5
955651,5
955653,17
955685,18
955750,29
955774,33
955789,23
955800,22
955869,46
955871,45
955900,26
955923,4
955932,10
955938,27
955997,11
956039,8
956069,9
956130,21
956139,33
956159,53
956161,48
956164,27
956240,25
956282,21
956283,5
956296,11
956312,43
956364,53
956408,24
956423,22
956435,23
956460,43
956487,22
956511,1
956522,17
956541,22
956587,37
956625,54
956635,31
956667,25
956674,13
956712,36
956735,54
956775,21
956813,18
956885,6
956908,48
957009,29
957036,11
957043,16
957050,4
957072,21
957097,16
957150,40
957171,35
957211,24
957231,46
957240,20
957241,7
957246,10
957252,30
957339,34
957368,1
957372,37
957379,8
957394,7
957412,7
957429,5
957441,41
957446,22
957468,13
957482,25
957539,24
957546,2
957554,31
957573,42
957655,17
957687,46
957696,14
957723,3
957735,30
957775,36
957811,0
957820,25
957832,24
957858,6
957910,36
957937,20
958030,49
958045,31
958057,25
958069,12
958082,5
958184,37
958250,29
958253,43
958255,19
958258,37
958366,26
958407,21
958416,28
958434,6
958442,24
958447,7
958463,10
958466,6
958527,42
958530,6
958600,45
958627,35
958673,45
958686,39
958742,6
958770,21
958823,48
958861,54
958865,3
958867,1
958869,33
958893,38
958908,0
958955,37
958982,48
958998,38
959009,7
959137,0
959139,42
959140,11
959180,19
959182,24
959228,14
959244,28
959247,33
959253,51
959291,18
959299,42
959340,17
959359,6
959380,32
959396,27
959400,51
959417,45
959423,20
959426,2
959443,47
959463,31
959501,12
959553,4
959604,12
959612,46
959655,52
959664,13
959701,27
959708,37
959733,7
959743,0
959808,1
959826,8
959835,11
959837,3
959890,15
959913,51
959917,2
959919,28
959938,0
959977,11
960023,52
960031,26
960088,41
960090,34
960132,38
960146,23
960168,30
960184,34
960193,49
960212,52
960258,22
960270,52
960289,49
960339,16
960372,40
960387,47
960410,8
960416,27
960434,51
960436,13
960510,23
960525,38
960533,39
960535,0
960570,40
960576,8
960592,38
960634,11
960693,48
960711,12
960742,38
960813,46
960839,42
960843,1
960854,52
960861,45
960875,39
960908,1
960911,9
960920,2
960979,0
960984,0
960987,29
961025,13
961064,18
961098,53
961147,53
961171,26
961204,4
961265,31
961267,6
961283,14
961289,4
961294,42
961297,24
961310,1
961326,6
961344,48
961354,35
961456,28
961488,27
961496,41
961506,40
961528,25
961555,39
961563,7
961573,45
961593,45
961660,1
961688,8
961694,7
961725,54
961746,19
961794,41
961796,47
961804,12
961821,28
961828,12
961829,25
961848,3
961849,43
961874,9
961879,41
961896,32
961901,20
961911,25
961917,8
961935,31
961948,22
961972,52
962033,31
962038,38
962074,15
962076,26
962135,47
962136,37
962152,14
962160,45
962238,45
962261,3
962266,12
962283,41
962285,48
962286,39
962291,39
962346,19
962380,26
962384,31
962394,43
962456,28
962473,50
962476,7
962527,35
962534,38
962535,43
962564,4
962589,34
962662,27
962678,14
962689,29
962699,28
962706,15
962724,38
962727,49
962737,29
962748,0
962749,10
962777,14
962854,28
962861,29
962863,30
962919,35
962934,39
962937,9
962947,25
962957,54
962980,13
962986,50
962998,11
963004,33
963027,6
963057,35
963085,31
963118,28
963136,43
963164,40
963208,36
963210,26
963252,22
963278,23
963290,23
963299,21
963340,26
963379,43
963391,6
963431,50
963458,12
963497,41
963499,24
963531,52
963556,53
963562,55
963564,38
963605,31
963657,20
963661,41
963680,46
963756,30
963776,27
963789,27
963886,46
963895,52
963926,41
963936,2
964006,34
964038,45
964043,50
964061,5
964083,51
964088,21
964100,13
964114,39
964122,4
964185,33
964228,0
964251,14
964255,34
964274,23
964296,13
964331,21
964354,25
964381,46
964392,52
964404,13
964429,41
964456,23
964460,46
964514,14
964542,17
964577,8
964591,10
964593,55
964608,21
964622,31
964667,24
964678,49
964697,34
964729,42
964770,18
964781,51
964814,54
964819,17
964863,15
964879,49
964913,23
964933,8
964952,12
964960,21
965000,34
965002,15
965083,22
965092,52
965155,5
965185,8
965197,32
965198,16
965209,55
965242,25
965248,47
965256,47
965269,54
965283,3
965289,55
965298,14
965340,49
965350,11
965359,25
965408,47
965444,22
965447,36
965464,32
965475,44
965480,15
965483,46
965504,39
965524,3
965527,53
965543,0
965564,29
965619,2
965642,55
965679,4
965685,38
965699,48
965804,38
965854,5
965882,17
965887,20
965901,21
965906,33
965932,55
965967,2
966009,7
966079,13
966110,50
966142,37
966150,9
966152,27
966153,12
966190,6
966200,27
966226,45
966241,37
966262,41
966275,51
966291,10
966295,53
966415,37
966434,24
966444,49
966491,44
966516,35
966520,27
966532,18
966601,24
966603,18
966611,29
966641,27
966687,17
966710,16
966722,39
966727,45
966736,27
966756,31
966766,35
966780,21
966795,4
966852,33
966950,42
966957,44
966958,10
966978,19
966997,35
966998,32
967013,17
967015,6
967051,29
967072,7
967116,39
967159,28
967221,53
967229,1
967243,41
967249,12
967261,28
967269,1
967284,24
967295,9
967304,40
967339,34
967355,15
967363,23
967364,49
967379,55
967394,10
967405,16
967451,36
967458,11
967569,27
967610,10
967628,10
967632,5
967651,31
967670,4
967679,7
967699,6
967700,26
967709,51
967716,47
967721,5
967724,44
967764,28
967791,38
967801,35
967805,2
967830,15
967842,25
967860,35
967865,9
967898,14
967925,37
967936,41
967957,0
967963,1
968024,48
968041,51
968048,21
968079,22
968081,28
968098,55
968113,27
968123,30
968133,28
968178,52
968212,51
968237,33
968254,40
968281,28
968294,21
968324,35
968329,13
968385,1
968448,36
968452,43
968453,24
968527,18
968557,9
968558,45
968629,20
968635,26
968646,47
968664,53
968701,32
968715,36
968718,41
968726,4
968779,4
968803,26
968818,46
968819,29
968836,55
968837,4
968874,52
968891,27
968900,42
968901,10
968915,22
968935,51
968965,31
968968,28
969067,43
969072,54
969092,54
969114,7
969126,45
969133,7
969147,3
969166,28
969175,54
969191,41
969278,33
969320,35
969337,46
969347,53
969366,15
969380,35
969412,52
969441,34
969450,15
969454,42
969458,16
969471,55
969481,15
969498,15
969503,46
969526,45
969532,41
969551,5
969560,45
969582,42
969602,26
969664,11
969690,0
969700,28
969748,17
969750,23
969764,31
969771,34
969850,1
969852,29
969854,2
969935,19
969943,28
969946,42
969947,3
969981,36
970003,53
970025,32
970068,32
970120,22
970122,44
970124,9
970162,28
970191,33
970247,9
970337,13
970348,3
970403,13
970421,52
970451,40
970455,46
970570,20
970603,53
970620,36
970643,54
970722,8
970748,30
970755,45
970774,4
970834,21
970855,52
970863,33
970876,34
970893,5
970901,19
970906,13
970949,36
970955,13
970956,18
970982,49
971009,47
971033,54
971047,32
971056,1
971175,25
971187,53
971232,1
971242,33
971267,10
971292,12
971297,17
971360,23
971361,48
971390,33
971464,31
971475,24
971578,47
971623,47
971640,26
971657,24
971764,13
971778,47
971796,39
971826,46
971828,55
971842,33
971873,15
971881,18
971891,35
971901,30
971919,50
971924,31
971948,25
971951,50
971960,4
971972,44
971974,6
971990,36
972090,53
972091,44
972117,26
972170,33
972196,27
972218,37
972264,49
972291,37
972297,20
972341,23
972374,44
972414,25
972423,11
972442,52
972464,6
972467,14
972518,13
972536,34
972578,33
972581,35
972645,49
972662,11
972664,33
972681,35
972717,52
972748,4
972778,6
972811,45
972816,55
972820,17
972853,20
972871,42
972896,5
973006,31
973010,5
973052,48
973207,9
973238,4
973244,51
973298,52
973344,29
973394,14
973400,16
973447,3
973466,33
973470,10
973482,5
973498,22
973567,15
973586,30
973612,49
973626,35
973659,32
973673,10
973724,24
973727,0
973750,50
973778,54
973866,35
973868,30
973884,37
973893,44
974001,10
974004,6
974009,54
974015,2
974040,43
974051,11
974076,52
974083,32
974117,39
974118,42
974136,11
974151,26
974171,50
974183,30
974218,23
974277,32
974299,3
974317,11
974377,22
974413,30
974494,47
974500,37
974506,12
974548,49
974555,52
974652,51
974659,43
974668,10
974684,4
974718,29
974749,24
974783,6
974803,0
974822,30
974855,32
974856,12
974861,50
974880,28
974894,27
974900,22
974904,23
974914,32
974920,44
974955,1
974969,14
974976,46
974997,8
975073,48
975086,15
975172,29
975184,30
975210,14
975217,11
975234,5
975297,50
975303,49
975350,28
975360,37
975435,45
975486,13
975526,31
975663,36
975669,36
975710,9
975745,50
975773,3
975781,51
975787,39
975829,38
975888,27
975895,39
975915,17
975929,48
975932,26
975965,4
975973,19
976029,15
976073,19
976086,42
976098,35
976111,7
976149,16
976178,13
976199,3
976206,51
976210,51
976220,42
976236,40
976238,40
976246,40
976258,0
976282,30
976296,19
976304,42
976336,21
976363,37
976440,6
976509,48
976535,9
976599,0
976601,7
976623,42
976681,49
976754,41
976762,19
976772,37
976773,26
976792,5
976795,53
976798,0
976812,30
976822,52
976828,18
976845,10
976856,14
976868,54
976870,37
976872,36
976903,51
976931,40
976962,25
976972,46
977029,0
977051,9
977062,30
977094,34
977110,3
977129,7
977133,10
977176,49
977202,16
977231,38
977236,7
977256,44
977265,52
977287,32
977300,21
977319,32
977340,19
977355,9
977364,51
977380,10
977462,40
977463,43
977482,39
977505,18
977515,7
977533,35
977556,4
977587,8
977700,38
977704,50
977790,19
977803,6
977812,39
977845,18
977944,8
977956,16
978007,47
978023,9
978036,18
978175,48
978216,2
978217,31
978222,19
978242,19
978246,33
978265,28
978308,19
978312,3
978343,9
978347,43
978348,3
978378,1
978425,17
978434,38
978462,43
978502,34
978513,45
978529,41
978530,47
978531,39
978545,31
978563,13
978569,9
978590,33
978649,30
978650,42
978660,21
978674,15
978682,29
978780,20
978796,26
978813,53
978821,47
978846,9
978857,2
978891,0
978935,2
978953,35
978973,26
978979,36
978997,24
979093,34
979124,30
979131,47
979146,27
979177,1
979224,19
979238,20
979272,8
979293,41
979304,55
979352,54
979385,8
979409,24
979411,1
979412,20
979426,20
979527,21
979575,46
979619,4
979620,50
979621,48
979690,28
979701,5
979711,32
979715,50
979726,14
979728,21
979759,47
979777,54
979780,55
979828,54
979831,48
979874,46
979908,3
979934,29
979940,11
979971,45
979988,28
980007,19
980014,41
980036,15
980056,29
980074,11
980077,18
980086,39
980098,38
980126,12
980154,8
980187,4
980286,40
980326,44
980336,47
980396,44
980397,27
980410,23
980461,26
980573,11
980588,42
980598,10
980610,37
980620,21
980647,39
980664,3
980670,28
980672,41
980756,11
980765,47
980817,21
980819,29
980832,54
980840,3
980876,8
980906,9
980925,10
980927,1
980956,40
980960,6
980970,24
980990,47
981031,46
981044,2
981045,33
981054,23
981133,51
981197,47
981221,25
981228,40
981239,18
981291,21
981308,0
981345,55
981347,15
981379,16
981394,4
981398,12
981411,47
981421,11
981425,40
981431,38
981510,46
981516,19
981535,27
981587,50
981624,28
981642,47
981649,12
981659,20
981662,40
981667,49
981680,29
981797,45
981910,33
981927,20
981942,5
981959,38
981983,12
981988,40
982026,6
982065,7
982097,12
982120,49
982153,15
982157,23
982168,48
982170,15
982180,43
982214,27
982225,6
982280,38
982289,18
982296,21
982303,28
982331,35
982384,25
982463,55
982488,50
982490,27
982514,41
982572,19
982585,44
982603,51
982604,44
982629,7
982681,13
982695,34
982743,32
982762,16
982804,39
982813,52
982848,20
982892,50
982898,17
982924,11
982948,46
982958,33
982966,18
983073,1
983197,3
983251,45
983274,44
983291,24
983305,44
983321,41
983331,26
983356,50
983371,54
983391,44
983409,46
983419,52
983432,30
983458,37
983492,55
983527,47
983536,2
983539,0
983556,16
983565,5
983567,10
983582,41
983587,44
983650,52
983653,24
983732,47
983763,40
983788,52
983847,44
983854,44
983885,9
983893,49
983895,45
983917,43
983923,19
983949,12
983957,42
984014,19
984041,35
984062,17
984096,13
984104,14
984105,44
984152,41
984203,29
984206,8
984220,25
984239,37
984257,34
984261,33
984299,16
984301,17
984309,16
984330,18
984422,34
984440,12
984568,7
984569,9
984576,53
984610,46
984612,49
984626,2
984693,49
984755,25
984779,7
984784,29
984794,53
984807,11
984829,6
984833,27
984890,30
984905,22
984930,22
984937,12
984960,0
984968,39
984999,40
985003,53
985016,5
985019,4
985087,19
985089,22
985099,27
985124,26
985144,40
985195,23
985196,4
985201,20
985219,42
985252,39
985261,7
985273,9
985299,14
985311,5
985344,6
985353,33
985356,17
985408,55
985415,42
985421,25
985426,12
985567,9
985637,37
985643,0
985674,7
985676,29
985699,36
985711,49
985737,53
985741,13
985748,25
985752,37
985766,47
985787,17
985889,11
985948,4
985950,53
985961,16
985965,38
985998,19
986001,15
986012,46
986136,42
986188,9
986211,41
986244,18
986258,26
986273,2
986320,51
986346,16
986352,29
986356,33
986379,25
986390,9
986428,24
986439,39
986445,23
986459,36
986462,22
986469,11
986474,21
986494,23
986533,14
986559,53
986631,35
986674,13
986704,44
986744,19
986837,47
986847,52
986863,16
986877,28
986879,5
986889,38
986891,29
986908,8
986919,41
986950,31
986965,42
987134,28
987159,35
987218,52
987227,17
987240,38
987262,44
987325,6
987339,10
987384,54
987429,36
987493,51
987507,48
987513,30
987520,40
987539,20
987553,23
987606,23
987622,35
987678,20
987708,44
987752,48
987817,24
987854,40
987876,30
987877,37
987926,0
987929,50
987954,30
987975,45
987976,27
987980,39
987981,19
988093,48
988107,3
988116,25
988118,52
988150,10
988178,39
988247,2
988276,18
988300,25
988331,21
988352,52
988399,27
988451,40
988470,53
988476,30
988479,45
988487,19
988504,18
988533,13
988579,12
988624,40
988686,10
988726,4
988757,15
988759,11
988768,2
988833,29
988878,34
988879,2
988936,28
988964,41
988976,36
989002,49
989041,26
989042,24
989071,31
989080,50
989120,39
989121,52
989125,44
989134,24
989170,18
989173,33
989185,20
989208,29
989218,1
989237,23
989297,16
989335,10
989359,23
989378,24
989379,19
989388,6
989408,28
989419,36
989431,29
989439,45
989441,54
989469,20
989511,50
989528,24
989535,22
989661,0
989680,32
989681,30
989704,13
989724,17
989742,11
989767,49
989770,3
989775,21
989820,24
989829,3
989839,13
989850,33
989867,34
989889,54
989891,27
989902,50
989912,4
989918,51
989940,40
989965,34
989976,50
989989,14
990053,21
990094,15
990098,18
990102,2
990112,48
990137,47
990211,40
990237,7
990241,44
990289,22
990291,38
990299,22
990301,9
990361,13
990366,37
990372,13
990376,52
990396,11
990410,33
990437,42
990486,30
990549,1
990570,50
990615,36
990616,53
990618,3
990636,11
990659,1
990677,19
990702,37
990704,41
990714,26
990717,26
990732,19
990777,7
990801,27
990873,48
990894,53
990900,15
990904,53
990935,54
990953,45
990974,49
991014,18
991118,45
991121,39
991132,39
991149,41
991150,43
991171,31
991184,26
991186,0
991187,1
991211,55
991240,14
991248,37
991287,5
991298,33
991324,52
991350,11
991384,23
991430,12
991440,14
991463,1
991547,19
991549,1
991556,13
991568,36
991643,31
991691,51
991702,45
991735,34
991754,45
991785,41
991808,4
991832,0
991836,51
991844,33
991866,53
991867,17
991909,43
991915,33
991974,36
991993,16
992006,39
992063,31
992105,17
992125,38
992149,15
992197,11
992225,52
992294,48
992417,5
992426,20
992521,51
992553,12
992559,5
992585,53
992623,15
992639,39
992640,46
992736,20
992813,40
992932,4
993013,43
993039,25
993074,19
993093,36
993096,31
993102,44
993126,16
993137,18
993139,8
993204,17
993281,20
993282,19
993333,16
993353,16
993358,4
993381,29
993400,25
993412,41
993426,53
993477,29
993487,25
993495,37
993517,7
993566,44
993572,10
993577,40
993587,3
993605,39
993621,4
993645,28
993647,45
993670,0
993671,29
993675,11
993679,28
993737,24
993779,33
993794,16
993817,14
993825,30
993827,20
993840,53
993879,34
993892,30
993905,18
993906,54
993924,51
993929,2
993941,18
993948,15
994008,29
994038,16
994042,11
994055,10
994084,51
994155,38
994161,42
994188,46
994222,19
994238,32
994239,26
994259,6
994279,6
994292,4
994303,5
994328,1
994329,46
994357,0
994408,49
994438,9
994486,43
994502,1
994555,34
994573,50
994601,39
994618,27
994643,26
994656,19
994663,41
994719,33
994826,8
994875,17
994908,55
994966,1
994979,23
994991,20
995028,14
995029,36
995036,3
995079,10
995101,37
995164,29
995203,8
995232,26
995255,21
995274,50
995281,1
995298,7
995304,39
995328,44
995368,46
995401,12
995411,46
995434,26
995436,48
995443,32
995461,46
995465,48
995511,50
995531,16
995620,0
995712,12
995714,13
995743,7
995755,34
995763,5
995787,2
995793,36
995800,9
995823,13
995831,22
995834,20
995847,14
995896,17
996017,46
996028,6
996053,5
996078,2
996081,9
996124,53
996203,40
996278,44
996287,31
996288,9
996295,33
996325,11
996377,33
996415,2
996421,55
996486,24
996513,52
996526,16
996562,33
996572,34
996575,42
996576,48
996705,34
996739,9
996771,48
996781,32
996817,6
996819,45
996864,52
996885,37
996926,42
997005,52
997014,30
997028,55
997045,10
997046,21
997097,11
997100,22
997161,53
997168,19
997169,31
997227,35
997248,24
997257,26
997317,11
997327,2
997332,6
997411,37
997454,3
997455,50
997461,1
997471,43
997473,43
997482,36
997494,23
997564,48
997599,15
997602,15
997694,18
997782,8
997893,14
997909,25
997924,29
997954,3
997972,38
998039,13
998054,12
998080,36
998093,54
998135,8
998146,49
998167,10
998202,1
998204,27
998262,9
998288,26
998302,2
998327,48
998339,6
998417,32
998464,13
998526,18
998569,46
998615,23
998621,18
998638,13
998643,40
998649,22
998680,28
998691,50
998692,15
998730,4
998748,13
998783,46
998788,43
998807,26
998816,29
998847,7
998855,4
998940,18
998953,33
998975,22
999010,38
999016,2
999020,25
999042,16
999059,18
999073,21
999094,17
999099,36
999164,15
999204,33
999213,30
999252,28
999261,32
999282,16
999316,38
999346,33
999412,39
999417,38
999435,43
999450,30
999457,32
999494,24
999510,42
999516,39
999532,36
999541,1
999590,14
999593,7
999596,12
999618,8
999629,40
999633,48
999641,26
999651,26
999661,38
999710,48
999712,3
999722,49
999723,30
999761,41
999782,3
999799,1
999808,12
999837,31
999845,0
999929,53
999945,6
999967,36
999973,41
999999,33
3903311,15
3903395,32
3903399,36
3903519,40
3903561,7
3903666,54
3903747,26
3903827,52
3903871,7
3903937,12
3903939,36
3904390,50
3904415,42
3904418,44
3904501,53
3904531,14
3904598,12
3904776,42
3904877,54
3905029,39
3905042,18
3905119,45
3905338,11
3905378,36
3905665,15
3905735,54
3905744,16
3905786,43
3905791,41
3905830,4
3905980,5
3906071,20
3906231,17
3906325,16
3906572,25
3906619,16
3906709,49
3907001,1
3907082,41
3907156,3
3907171,53
3907207,49
3907283,18
3907297,33
3907537,48
3907590,28
3907642,12
3907698,2
3907725,53
3907759,35
3907844,50
3907912,47
3907931,45
3907976,30
3908055,21
3908064,50
3908093,8
3908200,25
3908291,55
3908297,40
3908447,37
3908515,25
3908573,19
3908634,1
3908763,41
3908872,4
3908961,46
3908998,40
3909004,47
3909166,20
3909311,4
3909317,42
3909335,14
3909355,54
3909488,49
3909585,11
3909626,18
3909744,21
3909884,51
3909994,26
3909998,53
3910055,9
3910095,43
3910154,29
3910186,25
3910399,27
3910421,24
3910432,49
3910652,50
3910704,18
3910720,11
3910811,11
3910857,6
3910958,41
3911052,16
3911061,24
3911153,36
3911228,7
3911293,31
3911966,42
3912027,4
3912028,5
3912076,27
3912181,13
3912251,17
3912393,3
3912566,14
3912858,33
3913115,17
3913214,32
3913374,21
3913405,9
3913479,43
3913492,23
3913528,16
3913875,33
3913920,10
3914114,21
3914130,37
3914164,7
3914256,54
3914467,45
3914550,2
3914805,29
3914823,19
3914921,25
3915010,13
3915065,39
3915074,35
3915102,39
3915213,32
3915344,31
3915566,52
3915697,28
3915728,49
3915732,30
3915772,20
3915958,37
3916161,10
3916199,13
3916332,9
3916403,45
3916516,33
3916610,31
3916725,29
3916846,41
3916898,44
3917077,30
3917407,11
3917587,44
3917754,31
3917889,22
3917975,50
3918000,22
3918255,40
3918551,55
3918601,30
3918754,5
3918788,49
3918918,37
3918925,33
3918982,33
3919043,35
3919345,46
3919479,4
3919496,36
3919572,24
3919583,41
3919915,54
3919974,21
3920058,11
3920171,30
3920328,43
3920380,12
3920531,2
3920644,26
3920747,35
3920890,7
3920933,6
3921009,19
3921043,0
3921056,22
3921283,12
3921311,53
3921362,3
3921643,48
3921926,23
3921981,1
3921983,6
3922419,34
3922485,4
3922486,32
3922527,49
3922712,47
3922762,55
3922974,2
3923056,38
3923233,42
3923326,2
3923487,22
3923724,23
3923861,43
3923939,1
3923998,31
3924025,44
3924052,22
3924188,23
3924191,34
3924219,44
3924248,0
3924356,42
3924387,31
3924391,16
3924395,16
3924412,44
3924522,40
3924754,49
3924768,27
3924814,10
3924911,21
3925034,52
3925054,52
3925432,46
3925435,16
3925599,17
3925731,24
3925818,39
3925833,50
3926001,19
3926030,20
3926065,1
3926308,47
3926404,46
3926647,39
3926696,43
3926708,34
3926834,26
3926858,41
3926964,18
3927018,17
3927077,7
3927746,49
3927891,20
3927986,19
3928343,54
3928401,26
3928456,43
3928610,48
3928807,5
3928870,10
3928982,47
3929019,6
3929051,25
3929304,8
3929535,40
3929555,42
3929565,12
3929578,50
3929613,54
3929634,14
3929660,47
3929704,34
3929733,54
3929752,9
3929798,22
3929966,47
3930043,4
3930063,30
3930175,1
3930343,3
3930364,24
3930516,24
3930520,26
3930521,25
3930621,4
3930859,8
3930967,6
3931030,21
3931098,20
3931101,36
3931442,29
3931596,54
3931674,14
3931881,41
3931924,47
3932078,53
3932083,40
3932235,46
3932240,13
3932253,0
3932277,55
3932297,35
3932398,18
3932469,48
3932524,32
3932639,53
3932645,30
3933046,48
3933119,44
3933277,15
3933304,35
3933420,13
3933449,1
3933451,11
3933495,9
3933588,24
3933641,8
3933646,8
3933659,54
3933698,15
3933761,49
3933764,21
3933820,4
3933926,34
3933964,11
3933981,27
3934038,42
3934113,53
3934241,9
3934316,43
3934462,3
3934540,25
3934584,29
3934632,31
3934742,30
3934886,49
3934905,2
3934936,30
3934941,10
3934942,7
3934946,51
3934959,55
3934994,17
3934999,25
3935002,47
3935003,31
3935005,16
3935008,31
3935016,5
3935026,28
3935031,6
3935050,38
3935063,33
3935069,31
3935075,33
3935077,29
3935080,17
3935094,20
3935109,43
3935117,43
3935121,6
3935134,13
3935135,47
3935150,29
3935159,16
3935164,54
3935168,43
3935181,31
3935193,45
3935213,7
3935214,2
3935222,7
3935229,17
3935234,17
3935239,14
3935270,31
3935272,3
3935280,47
3935282,44
3935287,0
3935300,13
3935305,8
3935313,27
3935316,26
3935323,32
3935330,54
3935339,24
3935341,1
3935344,41
3935347,4
3935354,21
3935358,13
3935377,15
3935387,11
3935399,24
3935409,17
3935411,15
3935427,30
3935443,22
3935444,33
3935457,10
3935460,5
3935466,39
3935476,50
3935478,23
3935480,6
3935484,16
3935497,51
3935498,47
3935504,5
3935505,42
3935511,32
3935514,8
3935519,47
3935526,28
3935530,40
3935550,16
3935571,26
3935572,32
3935573,15
3935577,27
3935583,53
3935590,8
3935601,35
3935603,27
3935611,22
3935627,52
3935628,52
3935632,45
3935644,36
3935648,54
3935657,4
3935683,19
3935684,3
3935686,25
3935698,18
3935702,27
3935706,42
3935715,24
3935725,23
3935729,51
3935733,43
3935734,6
3935738,46
3935742,52
3935753,45
3935758,48
3935764,52
3935789,55
3935816,10
3935838,37
3935859,20
3935866,1
3935868,23
3935873,15
3935911,19
3935950,1
3935985,3
3935993,46
3935996,12
3936014,18
3936017,14
3936024,24
3936031,2
3936033,4
3936035,45
3936037,24
3936047,43
3936052,28
3936058,3
3936069,47
3936074,18
3936081,19
3936099,50
3936116,27
3936119,33
3936132,33
3936140,50
3936142,29
3936147,15
3936151,8
3936158,0
3936166,54
3936175,9
3936180,38
3936187,20
3936188,6
3936191,43
3936230,43
3936243,50
3936244,46
3936276,15
3936284,20
3936288,28
3936290,15
3936296,45
3936301,54
3936303,40
3936305,48
3936306,40
3936308,20
3936314,37
3936316,53
3936322,19
3936332,12
3936350,42
3936363,22
3936371,2
3936373,32
3936377,7
3936392,33
3936395,41
3936404,17
3936411,38
3936415,15
3936436,5
3936509,51
3936612,2
3936833,25
3936878,20
3936897,4
3936987,24
3937030,16
3937247,16
3937396,52
3937494,45
3937521,16
3937558,25
3937593,0
3937750,46
3937902,49
3938250,2
3938364,13
3938426,53
3938477,43
3938511,2
3938836,27
3939107,24
3939488,7
3939523,23
3939624,30
3939705,32
3939859,47
3940190,31
3940197,5
3940198,6
3940267,21
3940333,13
3940340,41
3940376,12
3940378,29
3940787,7
3940851,22
3940853,30
3940965,46
3941013,26
3941144,27
3941152,45
3941229,55
3941254,3
3941385,20
3941460,50
3941608,30
3941803,38
3941808,4
3941891,19
3942129,28
3942158,25
3942302,17
3942350,7
3942428,10
3942471,33
3942563,23
3942616,42
3942659,27
3942673,43
3942824,19
3943107,14
3943202,23
3943519,21
3943658,15
3943692,46
3943698,48
3943706,23
3943726,15
3943896,41
3943947,16
3944026,27
3944074,9
3944140,39
3944168,18
3944265,3
3944367,18
3944374,52
3944459,33
3944473,9
3944620,49
3944634,20
3944921,36
3945021,5
3945052,0
3945093,52
3945120,27
3945596,54
3945603,37
3945697,18
3945749,43
3945821,24
3945845,26
3945907,52
3945920,3
3946055,55
3946097,43
3946151,29
3946202,19
3946252,52
3946333,5
3946343,9
3946507,19
3946577,30
3946578,21
3946640,22
3946774,18
3946944,50
3946969,31
3947102,37
3947240,48
3947282,7
3947371,54
3947535,2
3947562,34
3947568,48
3947622,2
3947685,0
3947803,21
3947836,44
3947841,5
3947869,7
3947887,41
3947939,34
3947964,55
3948066,23
3948074,40
3948100,34
3948382,48
3948384,11
3948462,55
3948693,51
3948785,38
3948883,0
3948899,27
3949087,46
3949094,52
3949246,23
3949401,36
3949639,43
3949993,32
3950202,32
3950324,40
3950375,32
3950419,55
3950530,17
3950605,40
3950625,23
3950677,36
3950809,8
3950835,14
3950864,6
3950877,45
3951200,54
3951402,9
3951497,47
3951524,3
3951535,51
3951772,48
3951810,21
3952044,28
3952176,17
3952296,46
3952311,8
3952313,22
3952391,21
3952395,1
3952401,24
3952441,38
3952559,16
3952560,55
3952590,33
3952721,25
3952740,36
3952820,43
3952904,50
3953157,47
3953197,47
3953214,23
3953253,42
3953403,16
3953469,11
3953539,29
3953588,48
3953609,40
3953628,13
3953717,7
3953732,8
3953938,16
3953949,37
3954004,19
3954272,44
3954297,3
3954624,52
3954633,2
3954723,19
3954725,11
3954797,5
3955074,11
3955098,43
3955378,20
3955450,13
3955469,9
3955493,9
3955566,49
3955574,44
3955685,37
3955774,44
3955932,50
3956161,27
3956164,6
3956296,36
3956364,7
3956435,31
3956460,0
3956511,14
3956625,10
3956885,55
3957036,46
3957150,27
3957441,36
3957468,25
3957573,3
3957687,43
3957858,52
3958250,26
3958258,5
3958366,4
3958434,53
3958627,19
3958742,38
3958823,14
3958908,26
3958982,15
3959009,43
3959291,53
3959396,42
3959417,14
3959423,52
3959604,6
3959917,22
3960132,14
3960410,33
3960434,2
3960436,17
3960525,0
3960843,45
3960875,37
3960987,43
3961171,1
3961204,54
3961326,29
3961488,45
3961496,26
3961725,22
3961794,20
3961849,16
3961874,46
3961896,10
3961948,44
3962033,40
3962038,39
3962286,25
3962473,0
3962662,4
3962689,34
3962724,20
3962737,1
3962854,14
3962861,37
3962937,31
3963118,12
3963210,10
3963391,53
3963564,20
3963661,36
3964038,30
3964100,37
3964255,10
3964381,49
3964593,43
3964622,31
3964952,32
3965092,30
3965155,55
3965289,12
3965340,10
3965464,27
3965480,32
3965504,45
3965527,32
3965564,44
3965642,31
3965679,37
3965804,19
3965854,52
3965901,38
3966142,40
3966152,5
3966190,31
3966241,51
3966641,42
3966722,36
3966736,34
3966766,12
3966852,52
3966950,3
3966957,20
3967051,43
3967116,25
3967269,44
3967339,41
3967651,47
3967679,41
3967709,20
3967716,18
3968048,20
3968098,9
3968237,35
3968254,7
3968329,10
3968558,44
3968715,45
3968718,4
3968726,51
3968915,54
3968935,52
3969126,12
3969278,40
3969412,14
3969602,15
3969664,4
3969943,39
3969947,3
3969981,35
3970003,13
3970068,1
3970348,18
3970949,22
3971009,18
3971764,46
3971778,35
3971842,46
3971881,1
3971901,15
3971924,15
3971960,1
3971990,49
3972117,44
3972170,12
3972518,21
3972664,13
3972811,39
3972871,42
3973010,44
3973052,19
3973207,27
3973244,31
3973466,10
3973482,25
3973498,8
3973724,0
3973866,20
3973868,32
3973884,7
3974118,47
3974183,31
3974277,44
3974317,45
3974506,9
3974904,30
3974914,35
3974920,9
3974955,18
3974997,45
3975210,31
3975234,50
3975303,16
3975350,23
3976029,0
3976178,45
3976206,33
3976210,25
3976220,47
3976258,11
3976296,28
3976336,49
3976509,31
3976599,39
3977051,7
3977110,28
3977129,52
3977515,48
3977533,10
3977812,52
3977956,40
3978023,33
3978036,40
3978216,6
3978265,1
3978347,51
3978348,2
3978425,44
3978434,35
3978513,47
3978529,17
3978531,40
3978674,41
3978682,0
3979093,18
3979146,46
3979224,4
3979272,15
3979352,38
3979412,37
3979620,42
3979621,33
3979715,37
3979988,4
3980056,38
3980074,44
3980326,36
3980397,52
3980461,26
3980598,3
3980610,34
3980817,45
3980832,34
3980906,1
3980925,6
3980970,18
3981133,54
3981347,50
3981516,18
3981797,16
3981983,17
3982065,17
3982463,6
3982488,29
3982572,35
3982585,25
3982603,8
3982743,6
3982762,2
3982848,33
3983073,34
3983197,50
3983251,10
3983291,35
3983305,30
3983371,31
3983653,22
3983788,7
3983847,50
3983893,14
3983923,14
3983957,20
3984152,47
3984206,35
3984239,35
3984257,8
3984755,54
3984779,49
3984784,37
3984807,17
3984905,36
3984930,51
3985003,13
3985016,22
3985273,24
3985353,28
3985415,2
3985711,7
3985737,43
3986273,53
3986352,37
3986428,0
3986459,12
3986863,26
3986919,15
3986950,37
3986965,3
3987159,11
3987240,2
3987493,7
3987678,33
3987817,29
3987876,8
3987980,48
3988150,48
3988276,34
3988352,21
3988476,8
3988757,39
3988936,11
3988964,3
3989071,3
3989185,29
3989419,51
3989528,27
3989535,11
3989829,22
3989891,40
3989976,4
3990102,37
3990291,18
3990299,16
3990301,47
3990376,25
3990410,15
3990549,44
3990570,19
3990615,18
3990659,18
3990702,0
3990777,1
3990873,47
3990894,9
3990904,25
3991118,54
3991132,19
3991149,7
3991171,13
3991248,12
3991463,1
3991568,18
3991702,9
3991808,36
3991866,36
3991915,17
3992063,5
3992294,35
3992521,43
3992623,41
3992736,5
3993013,29
3993096,32
3993102,49
3993139,26
3993353,51
3993495,8
3993566,35
3993647,2
3993675,21
3993825,39
3993827,55
3993892,12
3993905,22
3993924,12
3993941,41
3994084,28
3994303,30
3994328,8
3994329,8
3994357,45
3994601,53
3994618,44
3995028,29
3995328,47
3995368,7
3995465,43
3995511,2
3995620,49
3995755,17
3995763,4
3996203,44
3996288,33
3996486,44
3996513,23
3996572,43
3996864,33
3997014,0
3997028,43
3997169,6
3997227,0
3997317,40
3997327,8
3997461,28
3997473,51
3997494,9
3997782,3
3997924,17
3998039,19
3998093,24
3998146,52
3998167,41
3998302,23
3998464,29
3998615,35
3998649,50
3998691,17
3998807,24
3998816,11
3998940,33
3999073,29
3999099,41
3999252,43
3999261,29
3999346,45
3999417,3
3999494,2
3999593,55
3999651,12
3999710,50
3999782,16
3999929,28
3999945,20
3999999,50
