Expert_1,Expert_2,Expert_3,Expert_4
2.0,2.0,2.0,2.0
2.0,2.0,2.0,2.0
2.0,2.0,2.0,2.0
2.0,2.0,2.0,2.0
2.0,2.0,2.0,2.0
2.0,2.0,2.0,2.0
2.0,2.0,2.0,2.0
2.0,2.0,2.0,2.0
2.0,2.0,2.0,2.0
2.0,2.0,2.0,2.0
2.0,2.0,2.0,2.0
2.0,2.0,2.0,2.0
2.0,2.0,2.0,2.0
2.0,2.0,2.0,2.0
2.0,2.0,2.0,2.0
2.0,2.0,2.0,2.0
2.0,2.0,2.0,2.0
2.0,2.0,2.0,2.0
2.0,2.0,2.0,2.0
2.0,2.0,2.0,2.0
2.0,2.0,2.0,2.0
2.0,2.0,2.0,2.0
2.0,2.0,2.0,2.0
2.0,2.0,2.0,2.0
2.0,2.0,2.0,2.0
2.0,2.0,2.0,2.0
2.0,2.0,2.0,2.0
2.0,2.0,2.0,2.0
2.0,2.0,2.0,2.0
2.0,2.0,2.0,2.0
2.0,2.0,2.0,2.0
2.0,2.0,2.0,2.0
2.0,2.0,2.0,2.0
2.0,2.0,2.0,2.0
2.0,2.0,2.0,2.0
2.0,2.0,2.0,2.0
2.0,2.0,2.0,2.0
2.0,2.0,2.0,2.0
2.0,2.0,2.0,2.0
2.0,2.0,2.0,2.0
2.0,2.0,2.0,2.0
2.0,2.0,2.0,2.0
2.0,2.0,2.0,2.0
2.0,2.0,2.0,2.0
2.0,2.0,2.0,2.0
2.0,2.0,2.0,2.0
2.0,2.0,2.0,2.0
2.0,2.0,2.0,2.0
2.0,2.0,2.0,2.0
2.0,2.0,2.0,2.0
2.0,2.0,2.0,2.0
2.0,2.0,2.0,2.0
2.0,2.0,2.0,2.0
2.0,2.0,2.0,2.0
2.0,2.0,2.0,2.0
2.0,2.0,2.0,2.0
